order_id,customer_id,platform,delivery_location,delivery_window_start,delivery_window_end,distance_km,package_weight_kg
O101,C001,Myntra,Location_A,14:00,16:00,5.2,1.2
O102,C001,Flipkart,Location_A,14:00,17:00,5.0,0.8
O103,C002,Amazon,Location_B,14:00,16:00,5.8,2.0
O104,C003,Flipkart,Location_C,18:00,20:00,15.4,1.5
O105,C004,Myntra,Location_B,14:30,16:30,5.9,1.0
O106,C005,Amazon,Location_D,15:00,17:00,7.1,2.5
O107,C006,Flipkart,Location_D,15:00,17:30,7.3,1.2
O108,C007,Myntra,Location_E,18:00,20:00,18.2,1.8
O109,C008,Amazon,Location_A,14:30,16:30,5.1,0.9
O110,C009,Flipkart,Location_F,19:00,21:00,20.5,2.0
O111,C010,Myntra,Location_B,14:00,15:30,5.7,1.1
O112,C011,Amazon,Location_C,18:00,20:00,15.2,1.4
O113,C012,Flipkart,Location_D,15:30,17:30,7.0,1.6
O114,C013,Myntra,Location_A,14:00,16:00,5.3,0.7
O115,C014,Amazon,Location_B,14:30,16:30,5.6,1.3
O116,C015,Myntra,Location_G,14:00,16:00,6.2,1.0
O117,C015,Amazon,Location_G,14:00,17:00,6.0,1.4
O118,C016,Flipkart,Location_H,15:00,17:00,8.1,0.9
O119,C016,Myntra,Location_H,15:30,18:00,8.3,1.2
O120,C017,Amazon,Location_I,18:00,20:00,12.5,2.0
O121,C017,Flipkart,Location_I,18:00,21:00,12.7,1.5
